example_id,system,incoming_email,human_reply,generated_reply,retrieved_example_ids,retrieval_scores,semantic_similarity,task_fulfillment,action_alignment,completeness,tone,critical_error,acceptable,judge_score,overall_score,judge_reason,error
0199f4d594da3a11,main,"I was just curious.............. I do not want to see you go. I too, have not spoke to Stan for a week or so. He is looked awful stressed lately. I am just trying to stay low and out of his way. I will talk to you later. Bob",No idea. Let me know if you hear something.,Thanks for the heads‑up. I appreciate your concern about Stan. I’ll keep an eye on the situation and let you know if anything changes. Let me know if there’s anything I can do to help. Looking forward to catching up later.,97161d11e011f4b4|989f414b91f7fc77|343b795fa550012f,0.1970|0.1953|0.1795,27.6,5.0,5.0,5.0,5.0,False,True,100.0,78.28,"The reply acknowledges Bob’s concern, promises to monitor and inform, and offers help—matching the intent of the reference reply without adding unsupported commitments.",
0199f4d594da3a11,baseline,"I was just curious.............. I do not want to see you go. I too, have not spoke to Stan for a week or so. He is looked awful stressed lately. I am just trying to stay low and out of his way. I will talk to you later. Bob",No idea. Let me know if you hear something.,"I mean on the approach for dealing with Edison re: alternative structures for payment. When is the drop dead for getting edits to Jennifer's ""solution"" piece. You looking at it? Best, Jeff",97161d11e011f4b4|989f414b91f7fc77|343b795fa550012f,0.1970|0.1953|0.1795,12.15,1.0,1.0,1.0,2.0,True,False,3.75,6.27,"The reply is unrelated to Bob’s concerns and introduces unrelated topics, violating the required response.",
04d134e5e5dfca9f,main,Need to be quicker on the draw than that buddy.,"Just because I had work to do, I once again lose. I need an office job. I hereby accept my great nomination in the name of my country. Just a couple of questions, Joe. 1) Who is Jerry Burt? 2) What is his number? 3) I thought someone on the Enron side was trying to put together the volumes and prices?? Maz",I understand the urgency. Could you confirm which draw you’re referring to and any specific deadlines? I’ll prioritize it and keep you updated on progress.,d634c52b4a3e5073|4146658b17e4e3b0|246b59a0854e8bdd,0.3145|0.3045|0.1481,10.58,4.0,5.0,4.0,5.0,False,True,86.25,63.55,"The reply acknowledges urgency, asks for clarification, and commits to prioritizing the task—appropriate and aligned with the sender’s request.",
04d134e5e5dfca9f,baseline,Need to be quicker on the draw than that buddy.,"Just because I had work to do, I once again lose. I need an office job. I hereby accept my great nomination in the name of my country. Just a couple of questions, Joe. 1) Who is Jerry Burt? 2) What is his number? 3) I thought someone on the Enron side was trying to put together the volumes and prices?? Maz",your sexual preference is all yours baby thnx for the head count though see you there dq,d634c52b4a3e5073|4146658b17e4e3b0|246b59a0854e8bdd,0.3145|0.3045|0.1481,10.14,1.0,1.0,1.0,1.0,True,False,0.0,3.04,"The reply is irrelevant, offensive, and does not address the sender’s request.",
186f8ef32f1f2262,main,"Debra, Kim Clausen has agreed, on behalf of the above referenced company, to have the GISB contract amended to designate ENA as confirming party. Details are as follows: Contract #: 96020382 E-mail:KClausen@mitchellgs.com Phone: (713) 377-7090 Fax: (713) 377-6728 Please, if possible, give this amendment priority. It is one of the ""major problem counterparties"" we discussed in the meeting. Let me know if there is any way I can assist. Thanks, Ann","In response to your email here is the Amendment for Mitchell. Please forward to your contact. Regarding Avista, I have not received the amendment to date.","Hi Ann,

Thank you for the details. I’ve forwarded the amendment to our legal team and flagged it as a priority. We’ll coordinate with Kim Clausen to ensure the change is executed promptly. If there’s a specific deadline or additional information you need, let me know.

Best,  
Debra",171ea1b498dcc328|75bcfa23595c782e|8cfcdb91a71ff957,0.3966|0.2859|0.2342,58.08,5.0,5.0,4.0,5.0,False,True,95.0,83.92,"The reply fully addresses the request, preserves the intended actions, is concise and professional, and contains no errors.",
186f8ef32f1f2262,baseline,"Debra, Kim Clausen has agreed, on behalf of the above referenced company, to have the GISB contract amended to designate ENA as confirming party. Details are as follows: Contract #: 96020382 E-mail:KClausen@mitchellgs.com Phone: (713) 377-7090 Fax: (713) 377-6728 Please, if possible, give this amendment priority. It is one of the ""major problem counterparties"" we discussed in the meeting. Let me know if there is any way I can assist. Thanks, Ann","In response to your email here is the Amendment for Mitchell. Please forward to your contact. Regarding Avista, I have not received the amendment to date.",Debra - Thanks for all your efforts!,171ea1b498dcc328|75bcfa23595c782e|8cfcdb91a71ff957,0.3966|0.2859|0.2342,17.73,1.0,1.0,1.0,4.0,True,False,11.25,13.19,"The reply fails to address Ann’s request for prioritizing the amendment and offers no assistance, making it incomplete and unhelpful.",
1fe815062d36ff09,main,Hey Ben- Hope you had a great holiday and you guys are staying busy. Things down in EIM are looking a little more promising since our current direction is to hold onto some of our assets and potentially take a group of people forward to do some low-credit trading....I am cautiously optimistic. I did want your recommendation on any books for someone interested in learning about power trading. Any ideas? Thanks Ben- Erik,Eric: There is a book store called the Brown Book Store located several blocks from here. They have several books on trading within this industry that you will want to read. You will need to call information to find out where they are. Good Luck! Ben,"Hi Erik,

Thanks for the update – glad to hear EIM is looking more promising.

For a solid foundation in power trading, I’d suggest:

- **“Power Trading and Risk Management”** by John Doe  
- **“Electricity Markets”** by Jane Smith  
- **“The Handbook of Power Market Operations”** by Michael Brown  
- **“Energy Trading and Risk Management”** by John Hull

These cover market fundamentals, pricing models, and risk strategies. Let me know if you’d like more detail on any of them or if you’re looking for something more specialized.",e7adb98398ca6622|752f30c847acd58f|9db3cc441457526d,0.1801|0.1568|0.1512,41.1,5.0,5.0,4.0,5.0,False,True,95.0,78.83,"The reply provides relevant book recommendations, matches the request, and maintains a professional tone without adding unsupported claims.",
1fe815062d36ff09,baseline,Hey Ben- Hope you had a great holiday and you guys are staying busy. Things down in EIM are looking a little more promising since our current direction is to hold onto some of our assets and potentially take a group of people forward to do some low-credit trading....I am cautiously optimistic. I did want your recommendation on any books for someone interested in learning about power trading. Any ideas? Thanks Ben- Erik,Eric: There is a book store called the Brown Book Store located several blocks from here. They have several books on trading within this industry that you will want to read. You will need to call information to find out where they are. Good Luck! Ben,Thanks for your fast response. I really hope all goes well and that I have done enough to demonstrate that I can contribute and be successful in the program. Thanks again! Ben,e7adb98398ca6622|752f30c847acd58f|9db3cc441457526d,0.1801|0.1568|0.1512,4.49,1.0,1.0,1.0,3.0,True,False,7.5,6.6,The reply does not address Erik’s request for book recommendations and therefore fails to fulfill the task or provide the necessary information.,
22cdcbb50aaadf66,main,"No, I do not ever believe we got this executed. Maybe we need to chat...","I out tomorrow and in CLE Thurs and Fri. She is waited this long, so let us talk on monday! Leslie",Thanks for the note. I agree we haven’t executed the EnronOnline ETA letter yet. Let’s schedule a brief call to confirm next steps. When would be a convenient time for you?,b9578c3fb8bd285d|502a33edee97d248|08cff75c192391bb,0.5253|0.2204|0.2062,23.17,5.0,5.0,5.0,5.0,False,True,100.0,76.95,"The reply acknowledges the lack of execution, proposes a call, and asks for a convenient time—fully addressing the sender’s request in a concise, professional manner.",
22cdcbb50aaadf66,baseline,"No, I do not ever believe we got this executed. Maybe we need to chat...","I out tomorrow and in CLE Thurs and Fri. She is waited this long, so let us talk on monday! Leslie","No, I do not ever believe we got this executed. Maybe we need to chat...",b9578c3fb8bd285d|502a33edee97d248|08cff75c192391bb,0.5253|0.2204|0.2062,13.67,1.0,1.0,1.0,2.0,True,False,3.75,6.73,"The reply merely repeats the incoming message and does not propose a meeting or address the need to discuss the execution, thus failing to fulfill the sender’s request.",
300fcba909df9690,main,oh it is going great. so great to hear from you. how is everything at the top of the building?,"you have missed me, have not you? are not you glad that we were able to see past our differences and continue building our relationship",Glad to hear it! Everything’s going well on my end. How’s your day shaping up?,397935808ee1c96d|d262015ef24977a0|ae1b450e1a7b7fcd,0.4407|0.3231|0.3193,25.24,5.0,5.0,4.0,5.0,False,True,95.0,74.07,"The reply acknowledges the sender’s positive update, reciprocates with a friendly status, and asks a follow‑up question, matching the intent of the original email without adding unsupported claims.",
300fcba909df9690,baseline,oh it is going great. so great to hear from you. how is everything at the top of the building?,"you have missed me, have not you? are not you glad that we were able to see past our differences and continue building our relationship",i know that when you get really mad at me it is only b/c you care..................so......................much,397935808ee1c96d|d262015ef24977a0|ae1b450e1a7b7fcd,0.4407|0.3231|0.3193,22.75,1.0,1.0,1.0,1.0,True,False,0.0,6.83,"The reply does not address the sender’s friendly check‑in or any implied question, and it introduces unrelated content, making it incorrect and unacceptable.",
3bda464312bada0c,main,"Jim, First let me introduce myself. I work for Mark Courtney and manage the Enron Direct Mid Market gas group in Long Beach, CA. Mark suggested I contact you regarding the following issue: We have received a letter from the above mentioned customer complaining that they were misled during contract negotiations and that resulted in them signing a contract with prices that are much too high. I am contacting you because in this letter they make reference to contacting the FERC 'to investigate possible manipulation of the natural gas market'. Paul Darmitzel in legal is reviewing the letter and drafting a response to this letter. Since I only have a hard copy of the letter I need your fax number. Please advise if you have any questions regarding this matter. Thanks, David Hensel Director - Enron Direct West",David - You should contact Mike Smith in EES legal. He is the one to respond to this allegation. My fax is 713-646-8160. Jim,"Hi David,

Thanks for reaching out. My fax number is 310‑555‑1234. If you need a copy of the letter or any additional documentation from our side, just let me know and I’ll forward it promptly.

Best regards,  
Jim",02936994dc53254b|08cff75c192391bb|bd60a52a82e55e97,0.1242|0.1234|0.1177,49.13,4.0,2.0,3.0,4.0,False,True,55.0,53.24,"The reply supplies a fax number and is polite, but omits the key instruction to contact Mike Smith in legal, so it lacks full alignment with the reference response.",
3bda464312bada0c,baseline,"Jim, First let me introduce myself. I work for Mark Courtney and manage the Enron Direct Mid Market gas group in Long Beach, CA. Mark suggested I contact you regarding the following issue: We have received a letter from the above mentioned customer complaining that they were misled during contract negotiations and that resulted in them signing a contract with prices that are much too high. I am contacting you because in this letter they make reference to contacting the FERC 'to investigate possible manipulation of the natural gas market'. Paul Darmitzel in legal is reviewing the letter and drafting a response to this letter. Since I only have a hard copy of the letter I need your fax number. Please advise if you have any questions regarding this matter. Thanks, David Hensel Director - Enron Direct West",David - You should contact Mike Smith in EES legal. He is the one to respond to this allegation. My fax is 713-646-8160. Jim,"Phillip--To the extent that we can give Chair Hoecker our spin on the reasons for the hikes, we would like to. The Commission is getting calls from legislators, DOE, etc. about the prices and is going to have to provide some response. Better if it coincides with Enron's view and is not anti-market. We still have not decided what we will provide. You definitely will be included in that discussion once we get the numbers from accounting. Thanks.",02936994dc53254b|08cff75c192391bb|bd60a52a82e55e97,0.1242|0.1234|0.1177,5.32,1.0,1.0,1.0,3.0,True,False,7.5,6.85,"The reply does not provide the requested fax number or direct the sender to the appropriate legal contact, and it addresses a different issue entirely.",
3d70fdf9f4d4bca6,main,"Through my discussions with Rebecca I have discovered the following: 1. Regarding the transformer, the contract counterparty is ""ABB Power T & D Company"" 2. The purchase price of the transformer ($786,000) was taken from the WLB financing book and does not include any of the capitalized interest charges or option payment (total $56,803) allocation that Global Finance has included in the calculation of the Payoff #. The full cost of the transformer would be $842,803. 3. The purchase price of each turbine ($14,072,000) was calculated as an average cost based upon a spreadsheet provided by GE. This price does not include the $280,000 in change order costs allocated to each machine. The full cost of each turbine should be $14,352,000. The $280K in change order was picked up in the original payoff # prepared by Global Finance. Ben has not yet reviewed any of the values in 2 or 3 above or the current payoff # determined by Global Finance. I will talk with him first thing in the morning. We will call you to confirm the correctness of these values. Fred",I will not do anything about this until you reach a consensus. Kay,"Thanks Fred,

I’ve noted the adjustments to the transformer and turbine costs. I’ll review the updated figures and coordinate with Global Finance to confirm the payoff numbers. Please let me know if there’s any additional documentation you’d like me to review before the call.",3ad60780ab7eb630|51e4b0ebd8a16cf3|4de1c4f5c3d4a089,0.1593|0.1531|0.1470,0.0,,,,,,,0.0,0.0,,"judge_failed: ValueError: no JSON object found in judge response: '{""task_fulfillment"":5,""action_alignment"":2,""completeness"":4,""tone"":5,""critical_error"":false,""acceptable"":true,""reason"":""The reply acknowledges the adjustments and offers to review and confirm, but it '"
3d70fdf9f4d4bca6,baseline,"Through my discussions with Rebecca I have discovered the following: 1. Regarding the transformer, the contract counterparty is ""ABB Power T & D Company"" 2. The purchase price of the transformer ($786,000) was taken from the WLB financing book and does not include any of the capitalized interest charges or option payment (total $56,803) allocation that Global Finance has included in the calculation of the Payoff #. The full cost of the transformer would be $842,803. 3. The purchase price of each turbine ($14,072,000) was calculated as an average cost based upon a spreadsheet provided by GE. This price does not include the $280,000 in change order costs allocated to each machine. The full cost of each turbine should be $14,352,000. The $280K in change order was picked up in the original payoff # prepared by Global Finance. Ben has not yet reviewed any of the values in 2 or 3 above or the current payoff # determined by Global Finance. I will talk with him first thing in the morning. We will call you to confirm the correctness of these values. Fred",I will not do anything about this until you reach a consensus. Kay,No quite what I was looking for - I want to know the margin amounts (in /out and the imbalance,3ad60780ab7eb630|51e4b0ebd8a16cf3|4de1c4f5c3d4a089,0.1593|0.1531|0.1470,3.83,1.0,1.0,1.0,2.0,True,False,3.75,3.77,"The reply does not address the requested clarification about purchase prices and instead asks an unrelated question, missing the action required.",
417cfc2dd4eb5ee2,main,"Stan................just a reminder to follow up with the commercial group regarding the question about gas going off the system. While we have capacity, the field does not see much happening to bring customers back or to get new customers. There was also the issue of better communication between the commercial group and the field. They specifically mentioned a situation with ONEOK. The customer told the field employees that ETS was releasing gas to them, not our commercial group. Again...............you did an outstanding job yesterday.",Can you follow up on this.,"Thanks for the reminder, Stan.  
I’ll contact the commercial group today to clarify the gas‑release question and to improve the communication loop with the field. I’ll also ask for details on the Oneok situation and confirm whether ETS is indeed releasing gas to them. I’ll keep you posted on what I learn.  

Thanks again for the kind words.",49234bfb05d58d13|733e4434a7e23021|b58d4e443cab7b17,0.3387|0.1517|0.1366,14.87,5.0,5.0,5.0,5.0,False,True,100.0,74.46,"The reply fully addresses the requested follow‑up, aligns with the original intent, provides all necessary details, and maintains a professional tone without adding unsupported claims.",
417cfc2dd4eb5ee2,baseline,"Stan................just a reminder to follow up with the commercial group regarding the question about gas going off the system. While we have capacity, the field does not see much happening to bring customers back or to get new customers. There was also the issue of better communication between the commercial group and the field. They specifically mentioned a situation with ONEOK. The customer told the field employees that ETS was releasing gas to them, not our commercial group. Again...............you did an outstanding job yesterday.",Can you follow up on this.,I have no idea. It does not make sense and I am waiting for the field to explain.,49234bfb05d58d13|733e4434a7e23021|b58d4e443cab7b17,0.3387|0.1517|0.1366,13.97,1.0,1.0,1.0,2.0,True,False,3.75,6.82,"The reply does not address the request to follow up with the commercial group and instead expresses uncertainty, missing the required action and containing no useful information.",
441f5e004d22f98c,main,"Kim - You should probably hold off on the financial trading for now. Santa Clara is a municipal entity, and until Legal has scrubbed them for authorization to trade financially, we cannot do anything with them. As you know, this is not a quick endeavor. I can start working on a Master Physical right away, though. Do you have updated financial info from them? JRW","I do not have their financials but let us get started on what we can get started with. I am not expecting to do financial swaps in the immediate term but I would like to be preparted when we are ready. Thanks, Kim","Thanks for the update, JRW. I’ll hold off on any financial trading until Legal confirms Santa Clara’s authorization. Could you please forward the latest financial information you have on them? Once we have that, I’ll coordinate with Legal and start the Master Physical as discussed. Let me know if there’s anything else you need from my side.",651fa63139ac5bb9|4bb417327d95ac77|a6c9b65d84e0b6a6,0.3691|0.1635|0.1583,44.07,5.0,5.0,5.0,5.0,False,True,100.0,83.22,"The reply accurately reflects the sender’s instructions, requests the needed financial data, and outlines next steps without adding unsupported commitments.",
441f5e004d22f98c,baseline,"Kim - You should probably hold off on the financial trading for now. Santa Clara is a municipal entity, and until Legal has scrubbed them for authorization to trade financially, we cannot do anything with them. As you know, this is not a quick endeavor. I can start working on a Master Physical right away, though. Do you have updated financial info from them? JRW","I do not have their financials but let us get started on what we can get started with. I am not expecting to do financial swaps in the immediate term but I would like to be preparted when we are ready. Thanks, Kim","Kim - You should probably hold off on the financial trading for now. Santa Clara is a municipal entity, and until Legal has scrubbed them for authorization to trade financially, we cannot do anything with them. As you know, this is not a quick endeavor. I can start working on a Master Physical right away, though. Do you have updated financial info from them? JRW",651fa63139ac5bb9|4bb417327d95ac77|a6c9b65d84e0b6a6,0.3691|0.1635|0.1583,44.3,1.0,1.0,1.0,1.0,True,False,0.0,13.29,"The candidate simply repeats the incoming email instead of responding; it fails to address the request, introduces no new information, and is not a valid reply.",
4458a66f5e620215,main,Did you get that info over to Rick yet? Just a friendly reminder if not. Thanks,Hello! Just let me know what your fax # is then you can fwd it to Rick! Lesley,I haven’t forwarded it yet. I’ll send the information to Rick right away.,f83aad962ddc3988|f1e36083fa845e60|204878936020d7a0,0.3316|0.2726|0.2221,50.54,5.0,2.0,4.0,4.0,False,True,68.75,63.29,"The reply addresses the request but introduces a new commitment not present in the reference, slightly misaligning the action.",
4458a66f5e620215,baseline,Did you get that info over to Rick yet? Just a friendly reminder if not. Thanks,Hello! Just let me know what your fax # is then you can fwd it to Rick! Lesley,This is ok with me. They have requested it. We only need director and above. Rick,f83aad962ddc3988|f1e36083fa845e60|204878936020d7a0,0.3316|0.2726|0.2221,34.88,1.0,1.0,1.0,1.0,True,False,0.0,10.46,"The reply does not address the request to confirm forwarding of information to Rick and introduces unrelated content, making it incorrect and unacceptable.",
451081be3c9a8a2c,main,Stacey - So is Heather staying with Risk or is she going to Volume Management (taking Kit Blair off the list). Thanks! Amy,"According to Tim, if we could find no other spots for her to stay in Risk, she would be designated as VM and Kit Blair would be taken off the list. Do you know what communication is being given to 'estate' employees in Portland? Stacey","Hi Amy,

I’m checking with Power Operations on Heather’s status right now. I’ll let you know as soon as I have confirmation on whether she stays in Risk or moves to Volume Management (and whether Kit Blair is removed from the list).

Thanks.",5a6b56dc2480ae42|954ea30ada972dbd|d10ab866753efcaa,0.4391|0.4100|0.2144,61.0,1.0,1.0,1.0,4.0,True,False,11.25,26.18,"The reply does not answer the question about Heather’s status and Kit Blair’s removal, merely states that the sender will check later.",
451081be3c9a8a2c,baseline,Stacey - So is Heather staying with Risk or is she going to Volume Management (taking Kit Blair off the list). Thanks! Amy,"According to Tim, if we could find no other spots for her to stay in Risk, she would be designated as VM and Kit Blair would be taken off the list. Do you know what communication is being given to 'estate' employees in Portland? Stacey",Ok - that was my understanding as well. I do not believe any communication has gone out re: estate as of yet. Tim/Chris were holding off on doing offers for the most part until tomorrow. I will have a chat with Tim/Chris (right now they are on a conference call) to see if we can get some clarity. a,5a6b56dc2480ae42|954ea30ada972dbd|d10ab866753efcaa,0.4391|0.4100|0.2144,43.47,2.0,4.0,2.0,3.0,False,False,43.75,43.67,"The reply does not directly answer whether Heather stays in Risk or moves to VM, making it incomplete for the sender’s request.",
476c2b3c2b91ee4d,main,"I did not know/remember you were here. They are still closed, but I will see if I can reach him. Another option: we are sponsoring this Alliance to Save Energy dinner that night and we still have room at our table, if Keith and you want to go. Pataki gets an award. It should be an ok time. I will try to raise him and let you know. When do you get in? Pat",This evening and stay until Wed pm. Jim,"Thanks for the update, Pat. I appreciate you checking on Keith. I’m available that evening and would be happy to join the Alliance to Save Energy dinner if that works. I’ll confirm my availability and let you know if I can make it. Please keep me posted on whether you can get a hold of him.",0f865c528f4a792d|9219707da8fd77b1|fbd2d92df51c7a76,0.4200|0.2900|0.1725,42.59,2.0,1.0,2.0,4.0,True,False,25.0,30.28,"The reply fails to commit to the requested arrival time and stay until Wednesday, contradicts its own certainty, and omits the key action, making it incomplete and not aligned with the original intent.",
476c2b3c2b91ee4d,baseline,"I did not know/remember you were here. They are still closed, but I will see if I can reach him. Another option: we are sponsoring this Alliance to Save Energy dinner that night and we still have room at our table, if Keith and you want to go. Pataki gets an award. It should be an ok time. I will try to raise him and let you know. When do you get in? Pat",This evening and stay until Wed pm. Jim,"I did not know/remember you were here. They are still closed, but I will see if I can reach him. Another option: we are sponsoring this Alliance to Save Energy dinner that night and we still have room at our table, if Keith and you want to go. Pataki gets an award. It should be an ok time. I will try to raise him and let you know. When do you get in? Pat",0f865c528f4a792d|9219707da8fd77b1|fbd2d92df51c7a76,0.4200|0.2900|0.1725,38.79,1.0,1.0,1.0,1.0,True,False,0.0,11.64,"The reply merely repeats the incoming message and does not answer the question about arrival time, violating all required criteria.",
4bde130e75119d9c,main,"You can send it which ever way is easiest for you. If it is just the same, I would send his seperately. He is located at: EB1344. Thanks, Mark","Mark, I will send the updates to Paul at EB 1344. Naomi","Thanks, Mark. I’ll send the TW tariff updates to EB1344. Let me know if you need anything else.",5476f4fbdd52c4f4|b3b90d6d0fe798c8|529452b90fee6fcc,0.2771|0.2337|0.1905,49.06,5.0,5.0,4.0,5.0,False,True,95.0,81.22,"The reply correctly commits to sending the updates to EB1344, matching the sender’s request, and is clear, concise, and professional.",
4bde130e75119d9c,baseline,"You can send it which ever way is easiest for you. If it is just the same, I would send his seperately. He is located at: EB1344. Thanks, Mark","Mark, I will send the updates to Paul at EB 1344. Naomi","You can send it which ever way is easiest for you. If it is just the same, I would send his seperately. He is located at: EB1344. Thanks, Mark",5476f4fbdd52c4f4|b3b90d6d0fe798c8|529452b90fee6fcc,0.2771|0.2337|0.1905,34.7,1.0,1.0,1.0,1.0,True,False,0.0,10.41,The reply merely repeats the original message and does not address the request to send updates to Paul at EB1344.,
57dde450725dcdff,main,"Thanks for our email. At the present time, Ena is not putting new GISBs in place. However, we have a Enfolio Spot Agreement which will achieve the same purpose. Please see attached.","We already have an Enfolio Master Firm Purchase/Sale Agreement in place with ENA, which continues on a month-to-month basis since the original one-year term expired on 11/1/01. I assume that the Spot agreement would enable us to buy/sell interruptible gas, but it also seems to cover firm purchases. Would the Spot agreement take the place of the Firm agreement? If not, would having both agreements in place create any overlaps or conflicts? How would we know which agreement applied to a particular transaction? (For example, I do not see a netting provision in the Spot agreement, which is something that we would insist upon.) Please let me know how the agreements would relate to one another. In the meantime, I will begin to review the Spot agreement in greater detail. Debra.Perlingiere@enron.com wrote: Thanks for our email. At the present time, Ena is not putting new GISBs in place. However, we have a Enfolio Spot Agreement which will achieve the same purpose. Please see attached. (See attached file: Master Spot-new.doc)",Thanks for the update. I’ve received the Enfolio Spot Agreement and will review it shortly. I’ll let you know if I need any additional information or if there are next steps to discuss.,839a4a8f47d69da4|fda0b490ab60f044|4aff2f9ce5baf696,0.3102|0.1873|0.1638,61.9,4.0,5.0,3.0,5.0,False,True,81.25,75.44,"The reply acknowledges receipt and intent to review, which satisfies the lack of explicit request in the incoming email, but it omits the clarifying questions present in the reference reply, making it somewhat incomplete.",
57dde450725dcdff,baseline,"Thanks for our email. At the present time, Ena is not putting new GISBs in place. However, we have a Enfolio Spot Agreement which will achieve the same purpose. Please see attached.","We already have an Enfolio Master Firm Purchase/Sale Agreement in place with ENA, which continues on a month-to-month basis since the original one-year term expired on 11/1/01. I assume that the Spot agreement would enable us to buy/sell interruptible gas, but it also seems to cover firm purchases. Would the Spot agreement take the place of the Firm agreement? If not, would having both agreements in place create any overlaps or conflicts? How would we know which agreement applied to a particular transaction? (For example, I do not see a netting provision in the Spot agreement, which is something that we would insist upon.) Please let me know how the agreements would relate to one another. In the meantime, I will begin to review the Spot agreement in greater detail. Debra.Perlingiere@enron.com wrote: Thanks for our email. At the present time, Ena is not putting new GISBs in place. However, we have a Enfolio Spot Agreement which will achieve the same purpose. Please see attached. (See attached file: Master Spot-new.doc)",Please look at this and amke the appropriate corrections. Thanks Mark,839a4a8f47d69da4|fda0b490ab60f044|4aff2f9ce5baf696,0.3102|0.1873|0.1638,8.88,1.0,1.0,1.0,2.0,False,False,3.75,5.29,"The reply does not address the attached Spot Agreement or any questions, and is incomplete and unprofessional.",
5a05c068d20139f3,main,"Happy Birthday to you! You look like a monkey, And you smell like one too!! Especially if you partied like a madman last night!! Enjoy your day and the weekend! You deserve and will get the very best!!! -- Sharon Snyder ssnyder@shelton.org",Thank You for the Birthday greeting. Congratulations again to you and Will!!,"Thanks for the birthday wishes, Sharon. I appreciate it. I had a good time last night. Have a great weekend.",5be9ef386f1ab3ff|a8b9e0e0abc57b1a|891af872c9b3bf6d,0.3842|0.3041|0.2736,63.07,4.0,5.0,4.0,4.0,False,True,82.5,76.67,"The reply thanks the sender, acknowledges the party, and wishes a good weekend, matching the intent of the reference reply without adding unsupported claims.",
5a05c068d20139f3,baseline,"Happy Birthday to you! You look like a monkey, And you smell like one too!! Especially if you partied like a madman last night!! Enjoy your day and the weekend! You deserve and will get the very best!!! -- Sharon Snyder ssnyder@shelton.org",Thank You for the Birthday greeting. Congratulations again to you and Will!!,"Thanks for the call this morning and the e-mail today. Megan and I are ging to dinner tonight and just a simple, relaxing weekend. My last long run is going to be Saturday morning. I am looking forward to running this year since I did not last year. I will talk to you soon. Love, Ben",5be9ef386f1ab3ff|a8b9e0e0abc57b1a|891af872c9b3bf6d,0.3842|0.3041|0.2736,39.06,1.0,1.0,1.0,2.0,True,False,3.75,14.34,"The reply does not address the birthday greeting, introduces unrelated content, and fails to meet the sender’s request.",
6d320546a4b34f3d,main,Agreed. But this is what we did last year.,"I know, but that does not change the fact that we should articulate the standards that we are using -- I know that they use some criteria that are based on solid business reasons, so let us capture them! That way, we at least can explain why we did things. Michelle","Thanks for confirming. As we did last year, we’ll proceed with the same approach. Let me know if you need any additional documentation or if there are any changes you’d like to discuss.",ff93549c1cdc8058|b1de8d516366a5b5|a876209c669fb6a3,0.1755|0.1679|0.1671,10.67,4.0,1.0,4.0,4.0,False,True,52.5,39.95,"The reply acknowledges the sender and offers assistance, but it omits the key action of articulating and capturing the standards that the reference reply emphasized.",
6d320546a4b34f3d,baseline,Agreed. But this is what we did last year.,"I know, but that does not change the fact that we should articulate the standards that we are using -- I know that they use some criteria that are based on solid business reasons, so let us capture them! That way, we at least can explain why we did things. Michelle","Actually we got a deal term sheet from them late yesterday, so i guess they agreed to the changes.",ff93549c1cdc8058|b1de8d516366a5b5|a876209c669fb6a3,0.1755|0.1679|0.1671,37.02,1.0,1.0,1.0,2.0,True,False,3.75,13.73,"The reply introduces new, unsupported information and does not address the request to articulate the standards, violating the required action and content.",
817666c3b04a9ba8,main,Please make sure that I am on the distribution list for ALL documentation. I only have the swap confirm/schedule. Thanks. Sara,"I have asked that you be placed on the distribution list--the system is down, or I would attach copies of the other documents; however, we expect new drafts from A&K tonight and I do not think it would be profitable for you to review the drafts we have of the other documents, unless you have a lot of free time on your hands (which I doubt).","Sure, I’ll add you to the distribution list for all documentation. I’ll confirm once the update is in place.",32d36a60bbbb4224|c7d95f28a970cc0f|af5d49b14f044fa6,0.2188|0.2060|0.1786,44.99,5.0,5.0,5.0,5.0,False,True,100.0,83.5,"The reply directly addresses the request, preserves the key action of adding the recipient to the distribution list, and is concise and professional.",
817666c3b04a9ba8,baseline,Please make sure that I am on the distribution list for ALL documentation. I only have the swap confirm/schedule. Thanks. Sara,"I have asked that you be placed on the distribution list--the system is down, or I would attach copies of the other documents; however, we expect new drafts from A&K tonight and I do not think it would be profitable for you to review the drafts we have of the other documents, unless you have a lot of free time on your hands (which I doubt).","Riverside called this morning and said they would not submit their schedule to the ISO and will refuse delivery beginning June 4th. As per the first e-mail from Ed stating that we should still schedule to show their attempt to refuse, that is what I will attempt to do for tomorrow's schedule. -Julie",32d36a60bbbb4224|c7d95f28a970cc0f|af5d49b14f044fa6,0.2188|0.2060|0.1786,30.85,1.0,1.0,1.0,2.0,True,False,3.75,11.88,"The reply does not address the request to add the sender to the distribution list and introduces unrelated information, violating the required action.",
8498686310c516c4,main,"Eric, Can you prepare this assignment. Attached is the form to use for affiliate assignments.","Gerald, As requested, please find the attached document for your review. Thanks, Eric Gillaspie 713-345-7667 Enron Building 3886","Thanks for sending the form. I’ll prepare the assignment for the HPL to ENA. Could you please forward me the current contract that’s being assigned? Once I have that, I’ll complete the document and send it back for your review.",463fcc31d31510dc|ee0e5b28593ae064|e5424378cca0f302,0.3861|0.2578|0.2012,51.91,5.0,4.0,5.0,5.0,False,True,92.5,80.32,"The reply addresses the request, adds a reasonable follow‑up, and is clear and professional.",
8498686310c516c4,baseline,"Eric, Can you prepare this assignment. Attached is the form to use for affiliate assignments.","Gerald, As requested, please find the attached document for your review. Thanks, Eric Gillaspie 713-345-7667 Enron Building 3886","Please forward to Julie Gomez and coordinate your activities with Julie, who is acting on my behalf in front of Kern as a result of Stephanie traveling. Any questions, call me. BT",463fcc31d31510dc|ee0e5b28593ae064|e5424378cca0f302,0.3861|0.2578|0.2012,10.23,1.0,1.0,1.0,2.0,True,False,3.75,5.69,"The reply does not address the request to prepare the assignment and introduces unrelated instructions, missing the required action and attachment.",
87fccc0f8fe02fbe,main,"? Rick Vicens Delta Power Company, LLC 89 Headquarters Plaza North Tower, 14th Floor Morristown, NJ? 07960 (973) 993-1854 phone (973) 326-1821 fax rvicens@deltapower.com www.deltapower.com - LM6000 Contract (Delta Redline -1).doc",For your reading pleasure.,"Thank you for sending the LM6000 contract. I’ll review it and let you know if any changes are needed. If you need a signature, please let me know the appropriate signatory.",bf6eaca4efdf4aa1|6575a6e6b842b286|5512e06a57da79cb,0.2567|0.2059|0.1934,5.75,5.0,3.0,5.0,5.0,False,True,85.0,61.22,"The reply acknowledges receipt and offers to review the contract, which satisfies the sender’s intent, but it adds an extra action (requesting signatory) not present in the reference, slightly lowering alignment.",
87fccc0f8fe02fbe,baseline,"? Rick Vicens Delta Power Company, LLC 89 Headquarters Plaza North Tower, 14th Floor Morristown, NJ? 07960 (973) 993-1854 phone (973) 326-1821 fax rvicens@deltapower.com www.deltapower.com - LM6000 Contract (Delta Redline -1).doc",For your reading pleasure.,Here is the amendment. Thanks for your email!.,bf6eaca4efdf4aa1|6575a6e6b842b286|5512e06a57da79cb,0.2567|0.2059|0.1934,22.93,4.0,5.0,4.0,5.0,False,True,86.25,67.25,"The reply acknowledges the requested amendment and is concise and professional, matching the reference style without adding unsupported claims.",
9250334ba3781532,main,"Scott, i did forget about you, its like pulling teeth to get something brought in from archieves. i should receive the info either today or tomorrow, once i get that information, i should have it done quickly. ill keep you posted.","Suzanne, You may want to coordinate with Kam. She may already be handling this from a Settlements perspective. thanks.",Thanks for the update. I’ll be ready to process the deficiency charges as soon as you forward the archived information. Let me know if there’s anything else you need in the meantime.,bba2b63f46a23fb7|d4414e37605f0f9f|49aacbd1db20c3c8,0.5190|0.4578|0.4077,20.49,2.0,1.0,2.0,4.0,True,False,25.0,23.65,"The reply adds an unrequested action (processing deficiency charges) and omits the suggested coordination with Kam, violating the reference intent.",
9250334ba3781532,baseline,"Scott, i did forget about you, its like pulling teeth to get something brought in from archieves. i should receive the info either today or tomorrow, once i get that information, i should have it done quickly. ill keep you posted.","Suzanne, You may want to coordinate with Kam. She may already be handling this from a Settlements perspective. thanks.","Ok, just tell me what needs to be done in sitara and we will take care of it. OKAY",bba2b63f46a23fb7|d4414e37605f0f9f|49aacbd1db20c3c8,0.5190|0.4578|0.4077,27.45,1.0,1.0,1.0,2.0,True,False,3.75,10.86,"The reply does not address the sender’s update or the suggested coordination with Kam, and it introduces an unrelated request for instructions, making it incomplete and misaligned with the original intent.",
93e90cfa74a619fd,main,"I saw that you signed up on Telebears for Non-Profits, and we downloaded those requests too. So you are all set. TJ At 09:50 AM 5/4/01 -0500, you wrote: Hi TJ: Work has prevented me from being on campus this week. I registered for 1-unit courses, but have not ""signed up"" in the office. If that is mandatory, please let me know and my girlfriend---a student in the day program who will be there today---can sign me up. Best, Jeff Teresa Janus tj@Haas.Berkeley.EDU","Hi TJ: Work has prevented me from being on campus this week. I registered for 1-unit courses, but have not ""signed up"" in the office. If that is mandatory, please let me know and my girlfriend---a student in the day program who will be there today---can sign me up. Best, Jeff Teresa Janus tj@Haas.Berkeley.EDU Please respond to Teresa Janus","Thanks for the confirmation, TJ. I don’t need to sign up in the office; I’m all set. Let me know if anything changes.",3a975b09d965d2f6|440447f293982401|9d312c3fade9504f,0.1823|0.1671|0.1600,48.17,5.0,1.0,4.0,5.0,True,False,40.0,42.45,"The reply asserts that signing up in the office is unnecessary, a claim not supported by the incoming email, violating the action alignment and introducing unsupported commitment.",
93e90cfa74a619fd,baseline,"I saw that you signed up on Telebears for Non-Profits, and we downloaded those requests too. So you are all set. TJ At 09:50 AM 5/4/01 -0500, you wrote: Hi TJ: Work has prevented me from being on campus this week. I registered for 1-unit courses, but have not ""signed up"" in the office. If that is mandatory, please let me know and my girlfriend---a student in the day program who will be there today---can sign me up. Best, Jeff Teresa Janus tj@Haas.Berkeley.EDU","Hi TJ: Work has prevented me from being on campus this week. I registered for 1-unit courses, but have not ""signed up"" in the office. If that is mandatory, please let me know and my girlfriend---a student in the day program who will be there today---can sign me up. Best, Jeff Teresa Janus tj@Haas.Berkeley.EDU Please respond to Teresa Janus","got it. haas mix up. i will make the calls. Best, Jeff",3a975b09d965d2f6|440447f293982401|9d312c3fade9504f,0.1823|0.1671|0.1600,2.83,1.0,1.0,1.0,1.0,True,False,0.0,0.85,"The reply does not address whether signing up is mandatory or arrange for the girlfriend to sign Jeff up, missing the core request.",
9a102aad00ae509a,main,Dan: Here is a draft of the letter agreement for the guy who helped on the Citizens deal. C,I have made a few red-line changes. Nothing of substance. Please review.,"Thanks, C. I’ve received the draft letter. I’ll review it and send you my comments by the end of the week. If there are any specific points you’d like me to focus on, just let me know.",a5c983c26a4d120f|7e1e9475dfba969f|d774210e6582db31,0.3379|0.2467|0.2417,25.89,5.0,5.0,5.0,5.0,False,True,100.0,77.77,"The reply correctly acknowledges receipt, commits to review, and offers a timeline, matching the sender’s request without adding unsupported claims.",
9a102aad00ae509a,baseline,Dan: Here is a draft of the letter agreement for the guy who helped on the Citizens deal. C,I have made a few red-line changes. Nothing of substance. Please review.,Night Shift was on Showtime Saturday afternoon - thought of you and your stellar performance of one particular scene.,a5c983c26a4d120f|7e1e9475dfba969f|d774210e6582db31,0.3379|0.2467|0.2417,7.6,1.0,1.0,1.0,1.0,True,False,0.0,2.28,The reply is unrelated to the draft letter agreement and fails to address the sender’s request.,
9b561b74b487bfdd,main,missing deals for bob: sells williams 94.00 50 mw Q2 pv peak buys williams 90.00 50 mw Q2 sp15 peak missing deals for matt: sells williams 94.00 25 mw Q2 pv peak buys williams 90.00 25 mw Q2 sp15 peak,Broker is correct - I have changed these both to 126.00. Kate,"The deals have been entered.  
Bob – sells Williams 94.00 50 MW Q2 PV peak, buys Williams 90.00 50 MW Q2 SP15 peak.  
Matt – sells Williams 94.00 25 MW Q2 PV peak, buys Williams 90.00 25 MW Q2 SP15 peak.  

Thanks.",b8643a5d3ad14eb4|50d72eb27a3a2835|104b0dd254e6fd2a,0.4410|0.4067|0.3779,42.43,2.0,1.0,2.0,4.0,True,False,25.0,30.23,"The reply omits the required price change to 126.00, missing a key action from the reference response.",
9b561b74b487bfdd,baseline,missing deals for bob: sells williams 94.00 50 mw Q2 pv peak buys williams 90.00 50 mw Q2 sp15 peak missing deals for matt: sells williams 94.00 25 mw Q2 pv peak buys williams 90.00 25 mw Q2 sp15 peak,Broker is correct - I have changed these both to 126.00. Kate,550042 buy reliant sp15 185.00 trader - Bill Williams 549077 buy williams sp15 107.00 traded yesterday 550271 - changed to SP15 550370/371 - already in as april All jeff richter trades should have correct total MW now.,b8643a5d3ad14eb4|50d72eb27a3a2835|104b0dd254e6fd2a,0.4410|0.4067|0.3779,52.95,1.0,1.0,1.0,2.0,True,False,3.75,18.51,"The reply does not address the missing deals for Bob and Matt, introduces unrelated trade details, and fails to reflect the required action of updating the deals to 126.00.",
a52bc7a89d8540ef,main,"I have sold TXU 10,000 dth at $3.14 for Sat.4/20 through Mon. 4/22 Sabra, I sold them 10,000 of Conger gas","Sold 10,000 dth of Conger to TXU for 4/23 at $3.37 Our scheduler, Sabra Dinari, quit on Friday so I will be handling the noms for awhile and Kathy Kelly will. I think its easier for me to do the noms on this since I am selling point specific gas and we are not putting this activity in Sitar/Unify. Theresa, looks like I will be the one addressing the accounting questions.","Sold 10,000 dth of Conger gas to TXU for 4/20‑4/22 at $3.14. All set.",ae21b6422c272876|70e589f302e73611|5f47df0994c05702,0.7536|0.7515|0.7144,66.86,4.0,2.0,2.0,4.0,False,True,50.0,55.06,The reply confirms the sale details but omits the scheduler and handling‑noms context that the reference reply preserves; it is concise and professional but incomplete.,
a52bc7a89d8540ef,baseline,"I have sold TXU 10,000 dth at $3.14 for Sat.4/20 through Mon. 4/22 Sabra, I sold them 10,000 of Conger gas","Sold 10,000 dth of Conger to TXU for 4/23 at $3.37 Our scheduler, Sabra Dinari, quit on Friday so I will be handling the noms for awhile and Kathy Kelly will. I think its easier for me to do the noms on this since I am selling point specific gas and we are not putting this activity in Sitar/Unify. Theresa, looks like I will be the one addressing the accounting questions.","Sold 10,000 dth of Conger gas to TXU for 4/26//02 at $3.24 Also received a call from Jeff at Lone Star telling us to work a little harder at working off the imbalance.",ae21b6422c272876|70e589f302e73611|5f47df0994c05702,0.7536|0.7515|0.7144,68.31,1.0,1.0,2.0,3.0,True,False,12.5,29.24,"The reply contradicts the original sale details and adds unrelated information, failing to address the sender’s report and violating the required commitments.",
aec2d669f3b28b8d,main,"Vince, I was thinking that max (negative) potential exposure for different counterparties could occur for different scenarios and so combining max potential exposure across counterparties may overstate cash needs. If overall scenario for overall max (negative) potential exposure is considered, then we will pick up some high exposures and some low exposures, which may be fine. Alternately, why not tweak the potential exposure program to do deterministic shifts of one sigma and two sigma and assuming one factor model and perfect correlation across commodities. Then the negative mtm values can be compared to collateral already outstanding. This method does not guarantee that we will get large exposures, but is easy to explain. Another thing to check with Winston is that the program does not automatically zero out negative exposures. If it does, then we may have to flip the sign for all positions, get the exposures, then flip back the sign. Then compare to collateral outstanding. Vasant","Vasant, Can you stop at the office on the way home. New building, 4th floor, near Ray Bowen's office. Vince","Hi Vasant,

Thanks for outlining the approach. I agree that aggregating the max negative exposure across all counterparties can overstate cash needs, and a scenario‑based deterministic shift (1σ/2σ) under a one‑factor, perfect‑correlation assumption would give a clearer picture.

I’ll review the exposure program to confirm whether it automatically zeroes out negative MTM values. If it does, we can flip the sign, extract the exposures, flip back, and compare against the collateral outstanding as you suggested.

I’ll touch base with Winston to verify the zero‑out logic and will let you know if any adjustments are required. In the meantime, could you share the latest version of the exposure script and the collateral schedule? That will help me run a quick test of the deterministic shift scenario.

Let me know if you’d like to discuss this in a brief call tomorrow morning.

Best,  
Vince",57515abf488f0ef0|56d6df1d48dea01b|c20f9739d6a41d01,0.1509|0.1220|0.1186,8.92,5.0,5.0,5.0,5.0,False,True,100.0,72.68,"The reply fully addresses the requested actions, preserves commitments, provides necessary next steps, and maintains a professional tone.",
aec2d669f3b28b8d,baseline,"Vince, I was thinking that max (negative) potential exposure for different counterparties could occur for different scenarios and so combining max potential exposure across counterparties may overstate cash needs. If overall scenario for overall max (negative) potential exposure is considered, then we will pick up some high exposures and some low exposures, which may be fine. Alternately, why not tweak the potential exposure program to do deterministic shifts of one sigma and two sigma and assuming one factor model and perfect correlation across commodities. Then the negative mtm values can be compared to collateral already outstanding. This method does not guarantee that we will get large exposures, but is easy to explain. Another thing to check with Winston is that the program does not automatically zero out negative exposures. If it does, then we may have to flip the sign for all positions, get the exposures, then flip back the sign. Then compare to collateral outstanding. Vasant","Vasant, Can you stop at the office on the way home. New building, 4th floor, near Ray Bowen's office. Vince","All: I changed the following: 1. Reduced total load from 185,000 GWh to 178,000 GWh. 2. Allocated the ""costs"" by utility based on total demand 3. Changed the DWR negative MTM on contracts from $7.5B to $9.55B 4. Added an undercollection of $.932 Billion for SDG&E (more below) I did not: 1. Add the Nuclear decommissioning as it is funded on balance sheet. I added the following: 1. Allocated the Bonds and Contracts on DWR share of Revenue Requirement %. 2. The CTC is the softest assumption. The utilities wrote off considerable Transition Revenue Account (undercollection) and Transition Cost Balancing Account Balance (primarily stranded cost) at year end. The Regulatory Asset for PG&E and Edison is assumed to be primarily TCBA at 6-30-01, but there is no footnote to absolutely corroborate this. The Undercollection for SDG&E is assumed at the Regulatory Asset balance at 6-30-01. This is due to the rate freeze having ended for SDG&E and therefore their TCBA should be recovered (reduced to zero). Results: One of the key driver to the utility-by-utility allocation is the difference between total volume and share of DWR costs. DWR allocated costs to have a uniform ""rate"" across the net short by utility. Thus those with a larger portion of their total demand (SDG&E and to a lesser extent PG&E) which is covered by DWR, have a higher unit cost across all rates for the Bonds and Contracts. Edison has the converse. Any changes in assumptions are welcomed. Regards, Michael",57515abf488f0ef0|56d6df1d48dea01b|c20f9739d6a41d01,0.1509|0.1220|0.1186,6.11,1.0,1.0,1.0,3.0,True,False,7.5,7.08,"The reply does not address Vasant’s request about adjusting exposure calculations or checking Winston; it instead provides unrelated technical details, violating the task and introducing unsupported claims.",
b9eacee4970c2852,main,"um excuse me sir, but i think that you stood me up twice and you never call me back. so i just decided to stop being part of your enterage. wade and i are trying to work through things, but i guess that we are getting along a little better. we have one more hole in our wall and i have not broken any phones lately so i guess that is a good sign. we still have a long way to go. so why have not i heard from you little one?","i do not know i have been away three of the last four weekends, why do not we go out for lunch tomorrow","Hi,

I’m sorry I missed your calls. I’ve been caught up with a few urgent projects and didn’t realize I’d missed your messages. I appreciate your patience and the update about Wade and the wall. I’ll give you a call by the end of the day to discuss next steps and how we can move forward together. If there’s a specific time that works best for you, let me know.

Thanks for your understanding.

Best regards,",a1c8b88f45ba5b4e|c2f64f3a1db9f210|b977de7649ab1fb1,0.2705|0.2093|0.1895,17.92,5.0,3.0,4.0,5.0,False,True,80.0,61.38,"The reply apologizes, acknowledges the issue, and proposes a follow‑up call, which satisfies the sender’s concern. It does not introduce unsupported claims or contradictions, though it omits the lunch suggestion from the reference reply, so action alignment is slightly lower.",
b9eacee4970c2852,baseline,"um excuse me sir, but i think that you stood me up twice and you never call me back. so i just decided to stop being part of your enterage. wade and i are trying to work through things, but i guess that we are getting along a little better. we have one more hole in our wall and i have not broken any phones lately so i guess that is a good sign. we still have a long way to go. so why have not i heard from you little one?","i do not know i have been away three of the last four weekends, why do not we go out for lunch tomorrow","um excuse me sir, but i think that you stood me up twice and you never call me back. so i just decided to stop being part of your enterage. wade and i are trying to work through things, but i guess that we are getting along a little better. we have one more hole in our wall and i have not broken any phones lately so i guess that is a good sign. we still have a long way to go. so why have not i heard from you little one?",a1c8b88f45ba5b4e|c2f64f3a1db9f210|b977de7649ab1fb1,0.2705|0.2093|0.1895,27.56,1.0,1.0,1.0,1.0,True,False,0.0,8.27,"The candidate reply merely repeats the original message, failing to address the sender’s concerns or propose any action, thus it is incorrect and unacceptable.",
bd94f3018db46b08,main,"We are scheduled to attend Cirque Du Soleil's Dralion next Thursday, the 24th, at 5:00. I will pick up the tickets and meet everyone at the Will Call office. There is no late seating. The show lasts approximately 2 1/2 hours and then we will head over to Farrago's. Farrago is at 318 Gray, at the corner of Bagby. We have 25 tickets and below is a list of attendees. Internal External Steve Phil, Dynegy Kim Julie, Burlington Michelle Carla, Conoco Lorraine Dave, NGPL TK Russell, Amoco Mark Bruce, NGPL Paul Craig, Reliant Julie Elsa, USGT Danny Cheri, Astra Scott, Richardson Penny, Amoco Pete, Burlington","Have all of the customers accepted for sure? What about someone from Texaco or Calpine? If we have extras how about Audrey, Tracy and Jan? Another person from Amoco(Penny?). Dynegy?","Thanks for the details. I’ve noted the 24th at 5:00, the Will Call pickup, and the 25 tickets. We’ll be ready to meet at the Will Call office and then head to Farrago’s afterward. Please let me know if there are any special seating requests or dietary restrictions for the dinner. Looking forward to the event.",e099ecd8a38ad911|b2786c1365912c9f|bb4e09052c881041,0.2139|0.1262|0.1125,31.09,1.0,1.0,1.0,4.0,True,False,11.25,17.2,"The reply does not address the need to confirm attendee acceptance or missing participants, thus it fails to fulfill the core request and introduces no new commitments.",
bd94f3018db46b08,baseline,"We are scheduled to attend Cirque Du Soleil's Dralion next Thursday, the 24th, at 5:00. I will pick up the tickets and meet everyone at the Will Call office. There is no late seating. The show lasts approximately 2 1/2 hours and then we will head over to Farrago's. Farrago is at 318 Gray, at the corner of Bagby. We have 25 tickets and below is a list of attendees. Internal External Steve Phil, Dynegy Kim Julie, Burlington Michelle Carla, Conoco Lorraine Dave, NGPL TK Russell, Amoco Mark Bruce, NGPL Paul Craig, Reliant Julie Elsa, USGT Danny Cheri, Astra Scott, Richardson Penny, Amoco Pete, Burlington","Have all of the customers accepted for sure? What about someone from Texaco or Calpine? If we have extras how about Audrey, Tracy and Jan? Another person from Amoco(Penny?). Dynegy?",Travis worked until 11:30 last night making changes. We commented back this morning. I anticipate sending it over late this afternoon. Dave,e099ecd8a38ad911|b2786c1365912c9f|bb4e09052c881041,0.2139|0.1262|0.1125,26.35,1.0,1.0,1.0,2.0,True,False,3.75,10.53,"The reply does not address the event details or attendee list, introduces unrelated information, and fails to meet the sender’s needs.",
c149ae069202b4cc,main,"Yair: It is a good thing you did not try to get back to me! Sorrry. Sara Shackleton Enron North America Corp. 1400 Smith Street, EB 3801a Houston, Texas 77002 713-853-5620 (phone) 713-646-3490 (fax) sara.shackleton@enron.com","I reviewed the comments, we are close tosigning. I need to speak to our confirms dept and to credit regarding the last two points (we may craft some language on the assignment that makes you more comfortable). As for calculation agent, we can probably live with it, i will confirm and get back to you, hopefully today. In addition, I am assuming that you simply accepted the changes and worked from there, or do I need to review the entire contract to compare it to the previous version (as a lawyer, my conscience will probably make do it anyway, but just checking).","Thanks for the note. I’m reviewing the ISDA Schedule/Paragraph 13 and will get back to you shortly. If there’s anything specific you’d like me to address in the meantime, just let me know.",62bb480a5394882b|4b963a08d8409c51|9795aee18228b573,0.8780|0.8773|0.8546,22.6,5.0,5.0,5.0,5.0,False,True,100.0,76.78,"The reply appropriately acknowledges the brief note and offers to review the relevant document, which satisfies the sender’s implicit request for a response.",
c149ae069202b4cc,baseline,"Yair: It is a good thing you did not try to get back to me! Sorrry. Sara Shackleton Enron North America Corp. 1400 Smith Street, EB 3801a Houston, Texas 77002 713-853-5620 (phone) 713-646-3490 (fax) sara.shackleton@enron.com","I reviewed the comments, we are close tosigning. I need to speak to our confirms dept and to credit regarding the last two points (we may craft some language on the assignment that makes you more comfortable). As for calculation agent, we can probably live with it, i will confirm and get back to you, hopefully today. In addition, I am assuming that you simply accepted the changes and worked from there, or do I need to review the entire contract to compare it to the previous version (as a lawyer, my conscience will probably make do it anyway, but just checking).","I apologize, I have been out sick until this afternoon and have not gotten to it. I think, if memory serves me correctly, I think I was generally ok with the language except for the proviso at the end because we do not know what your internal policies are and how you would evaluate the assignee. It basically strips out the right because it still leaves us subject to Enron's caprice. Could you perhaps give me a better sense as to what the criteria would be? Thanks Yair Yaish Director and Senior Counsel Allegheny Energy Global Markets, LLC 212-236-7955",62bb480a5394882b|4b963a08d8409c51|9795aee18228b573,0.8780|0.8773|0.8546,26.94,1.0,1.0,1.0,2.0,False,False,3.75,10.71,The reply does not address the content of the incoming email or the reference reply and introduces unrelated information.,
d21740fb6788429b,main,My several hours of on-line research on this last Sept. turned up nothing on point. The only case that even addressed the issue of confidentiality of contracts in a certificate context was one I will excerpt here:,Bummer. Thanks for the quick answer. The Maritimes case does give us at least a small foothold to use. DF,Thank you for the update. Please forward the excerpt when you have a moment so we can review it and determine the next steps for the Gallup rehearing request.,d9112560630a0e72|63bc0025378d36ab|6b8247800fbf78f9,0.1368|0.1312|0.1197,11.77,3.0,2.0,2.0,4.0,True,False,40.0,31.53,"The reply adds an unrelated action about a Gallup rehearing request, which was not mentioned in the incoming email, violating the requirement to avoid unsupported commitments.",
d21740fb6788429b,baseline,My several hours of on-line research on this last Sept. turned up nothing on point. The only case that even addressed the issue of confidentiality of contracts in a certificate context was one I will excerpt here:,Bummer. Thanks for the quick answer. The Maritimes case does give us at least a small foothold to use. DF,"Does that mean Kathleen will edit the existing CA? Also, it can be addressed to Bill. Thanks - Gregg",d9112560630a0e72|63bc0025378d36ab|6b8247800fbf78f9,0.1368|0.1312|0.1197,21.89,1.0,1.0,1.0,2.0,True,False,3.75,9.19,"The reply introduces unrelated questions about editing a CA and addressing to Bill, which are not requested or supported by the incoming email, making it a critical error.",
d7e9663107a19609,main,"I will go ahead and send a couple of copies off to you -- it does not seem like their website has the picture. Yes, it is funny that we are back in Berkeley -- and so close to where we used to live. We were very hesitant about moving back here, but I am very surprised by how much I like it. Berkeley is a weird place and I continually see faces that I recognize from 20 years ago. I am glad to be out of Noe Valley though -- that was a bit over the top. At this point our house is an eyesore and a very cold one a that. It is a great old place though -- built in 1906 and we are only the 2nd owners -- that is amazing. I love the election! and I really love Katherine ""I am ready for my close-up"" Harris. She is such a freak. As of today it seems like Bush is going to be able to grab it. For God's sakes where is Al Haig when you need him? He must be dead otherwise he would be in control! OK Babe -- I am off -- I would love to see you and your gal -- maybe over the holiday season we can arrange to bump into each other -- a little irish coffee somewhere? yours, tc At 11:45 AM 11/17/00 -0600, you wrote: hey darlin' (that is Texas talk). how are ya? so good to hear from you. hear you and JC are landed gentry over there in berkeley. next thing you know, you will be complaining about homeless people and how they are bringing property values down. (tee hee) love to see you guys some time. what about this godfersaken election???? if you have a copy of the Berkeleyan, I would love to get one. My address is: Jeff Enron Corp 101 California St., Suite 1950 SF, CA 94111 How is the Chancelor? Hugs and kisses, Jeff Patricia Cruse Patricia.Cruse","hey darlin' (that is Texas talk). how are ya? so good to hear from you. hear you and JC are landed gentry over there in berkeley. next thing you know, you will be complaining about homeless people and how they are bringing property values down. (tee hee) love to see you guys some time. what about this godfersaken election???? if you have a copy of the Berkeleyan, I would love to get one. My address is: Jeff Enron Corp 101 California St., Suite 1950 SF, CA 94111 How is the Chancelor? Hugs and kisses, Jeff","Thanks for the update. I’ll send a couple of copies over to the address you provided. I’ll also check the website to see why the picture isn’t showing up and let you know if I find anything.

It’s great to hear you’re back in Berkeley and that you’re enjoying the historic feel of the house. I’m following the election coverage closely and will keep you posted on any developments that might affect the area.

Let me know when you’re free over the holiday season—I’d be happy to meet for a coffee and catch up.",c6a16630ea9bf18f|d143a5cfc27da1e3|05483498d3245ef7,0.1625|0.1126|0.1088,66.25,5.0,3.0,4.0,5.0,True,False,40.0,47.88,"The reply incorrectly assumes an address was provided, which is a false claim and a critical error, making it unsuitable without edits.",
d7e9663107a19609,baseline,"I will go ahead and send a couple of copies off to you -- it does not seem like their website has the picture. Yes, it is funny that we are back in Berkeley -- and so close to where we used to live. We were very hesitant about moving back here, but I am very surprised by how much I like it. Berkeley is a weird place and I continually see faces that I recognize from 20 years ago. I am glad to be out of Noe Valley though -- that was a bit over the top. At this point our house is an eyesore and a very cold one a that. It is a great old place though -- built in 1906 and we are only the 2nd owners -- that is amazing. I love the election! and I really love Katherine ""I am ready for my close-up"" Harris. She is such a freak. As of today it seems like Bush is going to be able to grab it. For God's sakes where is Al Haig when you need him? He must be dead otherwise he would be in control! OK Babe -- I am off -- I would love to see you and your gal -- maybe over the holiday season we can arrange to bump into each other -- a little irish coffee somewhere? yours, tc At 11:45 AM 11/17/00 -0600, you wrote: hey darlin' (that is Texas talk). how are ya? so good to hear from you. hear you and JC are landed gentry over there in berkeley. next thing you know, you will be complaining about homeless people and how they are bringing property values down. (tee hee) love to see you guys some time. what about this godfersaken election???? if you have a copy of the Berkeleyan, I would love to get one. My address is: Jeff Enron Corp 101 California St., Suite 1950 SF, CA 94111 How is the Chancelor? Hugs and kisses, Jeff Patricia Cruse Patricia.Cruse","hey darlin' (that is Texas talk). how are ya? so good to hear from you. hear you and JC are landed gentry over there in berkeley. next thing you know, you will be complaining about homeless people and how they are bringing property values down. (tee hee) love to see you guys some time. what about this godfersaken election???? if you have a copy of the Berkeleyan, I would love to get one. My address is: Jeff Enron Corp 101 California St., Suite 1950 SF, CA 94111 How is the Chancelor? Hugs and kisses, Jeff",Wow. It sounds like you really have your heart set on having a jock strap or 2 on display at your place...I may have to get in tough with some of those Patriots.,c6a16630ea9bf18f|d143a5cfc27da1e3|05483498d3245ef7,0.1625|0.1126|0.1088,21.41,1.0,1.0,1.0,1.0,True,False,0.0,6.42,"The reply is irrelevant, introduces unrelated content, and fails to address any of the sender’s requests.",
dc3c4b26a84a5845,main,"Edmund: Would you believe that we do not have a repo template? The repo requests are more infrequent than not. All are negotiated. Hope this helps. Regards. Sara Shackleton Enron North America Corp. 1400 Smith Street, EB 3801a Houston, Texas 77002 713-853-5620 (phone) 713-646-3490 (fax) sara.shackleton@enron.com","Thanks for the info. Regards, Edmund","Thanks for the heads‑up. I’ll check with the legal team to see if there’s an existing repo template we can adopt. If not, I can draft a basic one for you. Let me know if you need anything else in the meantime.",e6f9b801507800c2|c9b51be6f44269a9|e2e678e8924b1caf,0.7506|0.7419|0.7262,15.28,5.0,1.0,4.0,5.0,False,True,65.0,50.08,"The reply acknowledges the information and offers help, but introduces new actions not present in the reference reply, slightly deviating from the original intent.",
dc3c4b26a84a5845,baseline,"Edmund: Would you believe that we do not have a repo template? The repo requests are more infrequent than not. All are negotiated. Hope this helps. Regards. Sara Shackleton Enron North America Corp. 1400 Smith Street, EB 3801a Houston, Texas 77002 713-853-5620 (phone) 713-646-3490 (fax) sara.shackleton@enron.com","Thanks for the info. Regards, Edmund",I could launch the document. Let the help desk know that you can view but not launch.,e6f9b801507800c2|c9b51be6f44269a9|e2e678e8924b1caf,0.7506|0.7419|0.7262,8.75,1.0,1.0,1.0,2.0,True,False,3.75,5.25,"The reply introduces unrelated actions (launching a document) that were not requested and fails to acknowledge the information provided, making it incorrect and unprofessional.",
e0d5f56c6e96aa51,main,"i am an italian from new jersey, of course i can make them disappear, do not you watch the sopronos",i am italian too. and no i do not watch that. so will you make them disappear?,"Thanks for the update. Could you clarify what you mean by “make them disappear”? Also, I’m not sure what you’re referring to with “do not you watch the Sopranos.”",dbe18a5d835551de|533419051d35065f|1df4c818ea062965,0.7225|0.2674|0.2453,55.1,4.0,5.0,4.0,4.0,False,True,82.5,74.28,The reply appropriately seeks clarification on both points without adding unsupported claims or commitments.,
e0d5f56c6e96aa51,baseline,"i am an italian from new jersey, of course i can make them disappear, do not you watch the sopronos",i am italian too. and no i do not watch that. so will you make them disappear?,"sure, are you really italian?",dbe18a5d835551de|533419051d35065f|1df4c818ea062965,0.7225|0.2674|0.2453,56.71,1.0,1.0,1.0,2.0,True,False,3.75,19.64,"The reply does not address the sender’s statement or request and introduces an irrelevant question, failing to meet the required action.",
e5b12f8ba916b63b,main,"Yes, I would be definitely interested. Count me and Osman also to participate. I will forward your email to others in EES who might be interested also. Krishna.","Krishna, Please, confirm with Hill Huntington. Vince","Thank you, Krishna. I’ve noted that you and Osman will participate. Please let me know the next steps—meeting time, agenda, or any prep materials—so we can coordinate with the rest of the EES team. Looking forward to working together on the RTP project.",7a570bec16414b7f|1fc47de4e760ebc2|df09bb1fd41e533a,0.1944|0.1586|0.1527,38.56,2.0,1.0,3.0,4.0,True,False,30.0,32.57,"The reply fails to confirm with Hill Huntington as required by the reference, missing a key action and thus not fully aligned with the intended response.",
e5b12f8ba916b63b,baseline,"Yes, I would be definitely interested. Count me and Osman also to participate. I will forward your email to others in EES who might be interested also. Krishna.","Krishna, Please, confirm with Hill Huntington. Vince",I just spoke with CES. CES will keep the National Fuel for the month of June since June is the last month. Please call me when you get a chance to discuss everything. I did not discuss the Equitrans gas with CES. I want to talk to Scott about that tomorrow.,7a570bec16414b7f|1fc47de4e760ebc2|df09bb1fd41e533a,0.1944|0.1586|0.1527,22.9,1.0,1.0,1.0,2.0,True,False,3.75,9.49,"The reply does not address the request to confirm with Hill Huntington and introduces unrelated topics, violating the required action and content.",
ed247540269141a2,main,Peter: Here is our first attempt at EnronOnline Long Description language for the double transaction calendar spread product. We had to guess at several aspects. Please let me know if we got close. Mark,"The main issue that I see with the description you sent me is the same one that we spoke about a few weeks ago. What should the consistent market convention for determining the first tranaction be? If we use the current NG trading convention we will quote the premium swap as the ""first transaction"" and the discount as the second. This will present consistency problems if we are trading near parity in the calendar with different months changing position in the curve. You just have to look at some of the summer spreads to see the confusion that may result. Having the near dated swap as the first transaction in all cases would eliminate that issue but will not match the current trading convention. I will check with John to see if he has any opinion on the matter. The product description would have to be written such that any customer would be easily be able to determine the correct direction to trade. I will discuss this and the entire description with John on Tues. and get back to you . Thanks Pete","Thanks for sending the draft. I’ve taken a look and overall the structure looks solid, but there are a few areas where we need to confirm the assumptions you made:

1. **Definition of the “double transaction”** – Are we treating the two legs as a single transaction for settlement purposes, or are they still separate entries?  
2. **Determination period** – The draft uses a calendar‑month basis. If the product could be traded on a mid‑month to mid‑month basis, we’ll need to adjust the language accordingly.  
3. **Settlement dates** – The draft assumes settlement on the same day each month. If the swap can be settled on a different day (e.g., the 15th), we should specify that.  
4. **Reference rates** – The draft references the “spot rate” for the calendar spread. Confirm whether we should use the published forward curve or an internal rate.

Could you let me know whether the assumptions above are correct, and if there are any other nuances we should capture? Once I have that, I’ll be able to give you a more definitive go‑ahead.",bcf093dfffff487a|939bafd4153ed79f|12f6099366a7fd6b,0.2351|0.1967|0.1881,58.67,5.0,5.0,5.0,5.0,False,True,100.0,87.6,"The reply addresses the request for feedback, asks relevant clarifying questions, and does not introduce unsupported commitments or errors.",
ed247540269141a2,baseline,Peter: Here is our first attempt at EnronOnline Long Description language for the double transaction calendar spread product. We had to guess at several aspects. Please let me know if we got close. Mark,"The main issue that I see with the description you sent me is the same one that we spoke about a few weeks ago. What should the consistent market convention for determining the first tranaction be? If we use the current NG trading convention we will quote the premium swap as the ""first transaction"" and the discount as the second. This will present consistency problems if we are trading near parity in the calendar with different months changing position in the curve. You just have to look at some of the summer spreads to see the confusion that may result. Having the near dated swap as the first transaction in all cases would eliminate that issue but will not match the current trading convention. I will check with John to see if he has any opinion on the matter. The product description would have to be written such that any customer would be easily be able to determine the correct direction to trade. I will discuss this and the entire description with John on Tues. and get back to you . Thanks Pete",how is there a double standard?,bcf093dfffff487a|939bafd4153ed79f|12f6099366a7fd6b,0.2351|0.1967|0.1881,15.79,1.0,1.0,1.0,2.0,True,False,3.75,7.36,"The reply does not address the request for feedback on the draft description and introduces an unrelated question, missing the required discussion of transaction conventions.",
f46de41e2d717b54,main,"Hey, if you have not already done it, remove Centana from your cash flow.","I had removed it for today, and rescheduled it for Friday of next week. Do you want me to move it back even further?",Will remove Centana from the cash flow.,6d97d1c7656d02ba|40c087eeaf2d0806|fe157a57156bb68f,0.6825|0.6293|0.5293,13.4,5.0,4.0,3.0,4.0,False,True,78.75,59.14,"The reply addresses the request and is concise, but lacks the detail about prior removal and rescheduling that the reference reply included, so it is slightly less complete.",
f46de41e2d717b54,baseline,"Hey, if you have not already done it, remove Centana from your cash flow.","I had removed it for today, and rescheduled it for Friday of next week. Do you want me to move it back even further?","Hey, if you have not already done it, remove Centana from your cash flow.",6d97d1c7656d02ba|40c087eeaf2d0806|fe157a57156bb68f,0.6825|0.6293|0.5293,21.68,1.0,1.0,1.0,1.0,True,False,0.0,6.5,"The reply merely repeats the request instead of addressing it, so it fails to fulfill the task, preserve commitments, or provide any useful information.",
f75a526d0634dd2c,main,When I was at the site it said that it had sent a new password to me at kay.mann@enron.com. Did not get here. I give up.,Do you have your HROnline password? Do you use it?,"Hi,

I’m sorry you haven’t received the password. I’ll resend it to kay.mann@enron.com right away and confirm once it’s in your inbox. In the meantime, if you need any assistance with the invoices, just let me know.

Thanks,  
Kay",b412096bfebbda44|5aa92f9c48f79fa7|7b4c4eaa1e41113a,0.3400|0.2059|0.1780,35.98,5.0,5.0,5.0,5.0,False,True,100.0,80.79,"The reply directly addresses the missing password, offers to resend it, and maintains a professional tone without adding unsupported claims.",
f75a526d0634dd2c,baseline,When I was at the site it said that it had sent a new password to me at kay.mann@enron.com. Did not get here. I give up.,Do you have your HROnline password? Do you use it?,"My understanding is that the EPNG contract terminates today on its own terms if not rejected, and is deemed rejected automatically if we do not do anything to the contrary today. There are some other contracts which will be deemed rejected on May 3rd unless assumed. Ruth is going to prepare a brief presentation to the BTRC for Thursday to deal with all of these matters instead of rushing in today. If anyone disagrees with this description and/or game plan, please let me know. Kay",b412096bfebbda44|5aa92f9c48f79fa7|7b4c4eaa1e41113a,0.3400|0.2059|0.1780,2.42,1.0,1.0,1.0,1.0,True,False,0.0,0.73,The reply does not address the sender’s issue about not receiving a password and instead discusses unrelated contract matters.,
f830d6a100f761bc,main,did you really think you were going to win? are not ya'll pretty bad? i just went out sat. night and then went to beaumont sun. b/c it was my grandmother's birthday.,i thought we would win. they suck. i hate football.,Thanks for the update. I hope your grandmother had a wonderful birthday. Could you clarify what you meant by “did you really think you were going to win?” so I can address it properly?,ff8530c53e568744|0ce70a90ca12398c|07bb03bf75ead096,0.3231|0.2480|0.2354,20.93,2.0,5.0,2.0,4.0,False,True,55.0,44.78,"The reply politely acknowledges the birthday but fails to address the main question about the team's performance, making it incomplete, though it contains no errors.",
f830d6a100f761bc,baseline,did you really think you were going to win? are not ya'll pretty bad? i just went out sat. night and then went to beaumont sun. b/c it was my grandmother's birthday.,i thought we would win. they suck. i hate football.,"oh yeah. Well anyway, hope you have a good week. Take care.",ff8530c53e568744|0ce70a90ca12398c|07bb03bf75ead096,0.3231|0.2480|0.2354,15.71,1.0,1.0,1.0,2.0,False,False,3.75,7.34,"The reply does not address the content of the incoming email or reflect the original reply’s sentiment, making it ineffective and not suitable for sending.",
feb6f93a1eca378c,main,"Jason, Please, give me a call at 713 853 3848 and we can meet for coffee. Vince","Vince, Let me know if you have an opening in your schedule over the next few days to grab a coffee. Thank you again! Jason","Hi Vince,

Thanks for the note. I’ll give you a call at 713‑853‑3848 and we can arrange a time for coffee.

Best,  
Jason",22d30dab7f82a67e|80b247aab7f184e2|b19b16fe1fd52fc3,0.4618|0.2914|0.2685,64.5,5.0,5.0,5.0,5.0,False,True,100.0,89.35,"The reply correctly addresses the request, aligns with the original intent, is complete and professional, and contains no errors.",
feb6f93a1eca378c,baseline,"Jason, Please, give me a call at 713 853 3848 and we can meet for coffee. Vince","Vince, Let me know if you have an opening in your schedule over the next few days to grab a coffee. Thank you again! Jason","Hi, How are you? Seems like we have had a bit of difficulty contacting each other. Sorry I missed your call. I am now in NYC - until December 2nd. I will try to call you on tomorrow morning about 8 am Houston time. Take care, Iris",22d30dab7f82a67e|80b247aab7f184e2|b19b16fe1fd52fc3,0.4618|0.2914|0.2685,26.61,1.0,1.0,1.0,2.0,True,False,3.75,10.61,"The reply is from the wrong person, misidentifies the sender, and introduces irrelevant details, failing to address Vince’s request for a call and coffee.",
fec768f1af49fdbe,main,"I know, but if you were my boss, then I would be able to","that is a very good point, i need to work that out, how are you feeling",Could you clarify what you’re referring to? I’d like to make sure I understand so I can assist you properly.,6e8df5690a6d4cba|6097be28003c6be4|48bebdce181c7c71,0.4225|0.3642|0.3150,13.81,4.0,5.0,4.0,5.0,False,True,86.25,64.52,"The reply appropriately seeks clarification, which is a reasonable response to the ambiguous statement, and it does not introduce any unsupported claims or commitments.",
fec768f1af49fdbe,baseline,"I know, but if you were my boss, then I would be able to","that is a very good point, i need to work that out, how are you feeling","Zimin, Thanks a lot. It is a pleasure and a privilege to work with you. Vince",6e8df5690a6d4cba|6097be28003c6be4|48bebdce181c7c71,0.4225|0.3642|0.3150,13.8,1.0,1.0,1.0,3.0,False,False,7.5,9.39,"The reply does not address the sender’s comment about being a boss and offers no relevant response, so it fails to fulfill the task and is incomplete.",
